Repo URL,Last Comment URL,2nd Last Comment URL
https://github.com/tidyverse/ggplot2a560c990d147845a5038ba720378b7000f4846c1,https://github.com/tidyverse/ggplot2/commit/a560c990d147845a5038ba720378b7000f4846c1/comments,https://github.com/tidyverse/ggplot2/commit/a560c990d147845a5038ba720378b7000f4846c1/comments?page=2
https://github.com/tidyverse/ggplot289204bcf7ffede79e036a8e91db9b95757053878,https://github.com/tidyverse/ggplot2/commit/89204bcf7ffede79e036a8e91db9b95757053878/comments,https://github.com/tidyverse/ggplot2/commit/89204bcf7ffede79e036a8e91db9b95757053878/comments?page=2
https://github.com/tidyverse/ggplot288d05175530b6b587d70e62df1301668e79dd6a3,https://github.com/tidyverse/ggplot2/commit/88d05175530b6b587d70e62df1301668e79dd6a3/comments,https://github.com/tidyverse/ggplot2/commit/88d05175530b6b587d70e62df1301668e79dd6a3/comments?page=2
https://github.com/tidyverse/ggplot2fd35a9e4028cabbc508229714dc27d51771cbe75,https://github.com/tidyverse/ggplot2/commit/fd35a9e4028cabbc508229714dc27d51771cbe75/comments,https://github.com/tidyverse/ggplot2/commit/fd35a9e4028cabbc508229714dc27d51771cbe75/comments?page=2
https://github.com/tidyverse/ggplot20e72d9570487768f92f91ba71602efb06db64246,https://github.com/tidyverse/ggplot2/commit/0e72d9570487768f92f91ba71602efb06db64246/comments,https://github.com/tidyverse/ggplot2/commit/0e72d9570487768f92f91ba71602efb06db64246/comments?page=2
https://github.com/tidyverse/ggplot2202029b1979c7d92920f2b17fbeb7ddf1d37b208,https://github.com/tidyverse/ggplot2/commit/202029b1979c7d92920f2b17fbeb7ddf1d37b208/comments,https://github.com/tidyverse/ggplot2/commit/202029b1979c7d92920f2b17fbeb7ddf1d37b208/comments?page=2
https://github.com/tidyverse/ggplot2fa26a55b192f8a7706ad2effe54a3f874d3413c7,https://github.com/tidyverse/ggplot2/commit/fa26a55b192f8a7706ad2effe54a3f874d3413c7/comments,https://github.com/tidyverse/ggplot2/commit/fa26a55b192f8a7706ad2effe54a3f874d3413c7/comments?page=2
https://github.com/tidyverse/ggplot2ad337414c3841049d1f33a801dd11c4c3af24cc7,https://github.com/tidyverse/ggplot2/commit/ad337414c3841049d1f33a801dd11c4c3af24cc7/comments,https://github.com/tidyverse/ggplot2/commit/ad337414c3841049d1f33a801dd11c4c3af24cc7/comments?page=2
https://github.com/tidyverse/ggplot272dcfadd62cc8c783af82947d367c30651307e9b,https://github.com/tidyverse/ggplot2/commit/72dcfadd62cc8c783af82947d367c30651307e9b/comments,https://github.com/tidyverse/ggplot2/commit/72dcfadd62cc8c783af82947d367c30651307e9b/comments?page=2
https://github.com/tidyverse/ggplot269e74305386094cb1fc0b10495d18492cec5b012,https://github.com/tidyverse/ggplot2/commit/69e74305386094cb1fc0b10495d18492cec5b012/comments,https://github.com/tidyverse/ggplot2/commit/69e74305386094cb1fc0b10495d18492cec5b012/comments?page=2
https://github.com/tidyverse/ggplot2de7bad63c96a009c34285c21883b704674ceaae1,https://github.com/tidyverse/ggplot2/commit/de7bad63c96a009c34285c21883b704674ceaae1/comments,https://github.com/tidyverse/ggplot2/commit/de7bad63c96a009c34285c21883b704674ceaae1/comments?page=2
https://github.com/tidyverse/ggplot2eb920afbeb1b9e2237ae7f632e219e358897f183,https://github.com/tidyverse/ggplot2/commit/eb920afbeb1b9e2237ae7f632e219e358897f183/comments,https://github.com/tidyverse/ggplot2/commit/eb920afbeb1b9e2237ae7f632e219e358897f183/comments?page=2
https://github.com/tidyverse/ggplot225f54d994fa6cf34de3f03d3c693c22991067b63,https://github.com/tidyverse/ggplot2/commit/25f54d994fa6cf34de3f03d3c693c22991067b63/comments,https://github.com/tidyverse/ggplot2/commit/25f54d994fa6cf34de3f03d3c693c22991067b63/comments?page=2
https://github.com/tidyverse/ggplot2ef9f8d6203cbfbde2d3bad0ded3104585cda3255,https://github.com/tidyverse/ggplot2/commit/ef9f8d6203cbfbde2d3bad0ded3104585cda3255/comments,https://github.com/tidyverse/ggplot2/commit/ef9f8d6203cbfbde2d3bad0ded3104585cda3255/comments?page=2
https://github.com/tidyverse/ggplot2954924b87bc7d8524745bcf742ef79e39d528e19,https://github.com/tidyverse/ggplot2/commit/954924b87bc7d8524745bcf742ef79e39d528e19/comments,https://github.com/tidyverse/ggplot2/commit/954924b87bc7d8524745bcf742ef79e39d528e19/comments?page=2
https://github.com/tidyverse/ggplot25da2d3004953ce7beab0a287618dd39023a5f75c,https://github.com/tidyverse/ggplot2/commit/5da2d3004953ce7beab0a287618dd39023a5f75c/comments,https://github.com/tidyverse/ggplot2/commit/5da2d3004953ce7beab0a287618dd39023a5f75c/comments?page=2
https://github.com/tidyverse/ggplot267bb3bbea8f51666b13d9ca30108d97e898c1ecd,https://github.com/tidyverse/ggplot2/commit/67bb3bbea8f51666b13d9ca30108d97e898c1ecd/comments,https://github.com/tidyverse/ggplot2/commit/67bb3bbea8f51666b13d9ca30108d97e898c1ecd/comments?page=2
https://github.com/tidyverse/ggplot222ed73cf34a8f76da7a79f7759fcd051a45a06fb,https://github.com/tidyverse/ggplot2/commit/22ed73cf34a8f76da7a79f7759fcd051a45a06fb/comments,https://github.com/tidyverse/ggplot2/commit/22ed73cf34a8f76da7a79f7759fcd051a45a06fb/comments?page=2
https://github.com/tidyverse/ggplot20d2023d53ccbc88fc998b9c37b75f398d9671edf,https://github.com/tidyverse/ggplot2/commit/0d2023d53ccbc88fc998b9c37b75f398d9671edf/comments,https://github.com/tidyverse/ggplot2/commit/0d2023d53ccbc88fc998b9c37b75f398d9671edf/comments?page=2
https://github.com/tidyverse/ggplot2f6269b0ae33375e56fb4a0f89f8f43929bcd48ec,https://github.com/tidyverse/ggplot2/commit/f6269b0ae33375e56fb4a0f89f8f43929bcd48ec/comments,https://github.com/tidyverse/ggplot2/commit/f6269b0ae33375e56fb4a0f89f8f43929bcd48ec/comments?page=2
https://github.com/tidyverse/ggplot23664af8c985a9b3af10ddc1688d8fbf731c39ad5,https://github.com/tidyverse/ggplot2/commit/3664af8c985a9b3af10ddc1688d8fbf731c39ad5/comments,https://github.com/tidyverse/ggplot2/commit/3664af8c985a9b3af10ddc1688d8fbf731c39ad5/comments?page=2
https://github.com/tidyverse/ggplot2d180248704d4e2ef8e3568c8806eb83b97ac50d9,https://github.com/tidyverse/ggplot2/commit/d180248704d4e2ef8e3568c8806eb83b97ac50d9/comments,https://github.com/tidyverse/ggplot2/commit/d180248704d4e2ef8e3568c8806eb83b97ac50d9/comments?page=2
https://github.com/tidyverse/ggplot2c76b9aeda648e9b6022b7169021e854c3d3890cb,https://github.com/tidyverse/ggplot2/commit/c76b9aeda648e9b6022b7169021e854c3d3890cb/comments,https://github.com/tidyverse/ggplot2/commit/c76b9aeda648e9b6022b7169021e854c3d3890cb/comments?page=2
https://github.com/tidyverse/ggplot28af03a9ed95cd2299afc4354090597aa59080f1c,https://github.com/tidyverse/ggplot2/commit/8af03a9ed95cd2299afc4354090597aa59080f1c/comments,https://github.com/tidyverse/ggplot2/commit/8af03a9ed95cd2299afc4354090597aa59080f1c/comments?page=2
https://github.com/tidyverse/ggplot262a5f4a0db6e02c75c9db694ae5b8f2b23c68886,https://github.com/tidyverse/ggplot2/commit/62a5f4a0db6e02c75c9db694ae5b8f2b23c68886/comments,https://github.com/tidyverse/ggplot2/commit/62a5f4a0db6e02c75c9db694ae5b8f2b23c68886/comments?page=2
https://github.com/tidyverse/ggplot2e89befcb4788ab053c761ff24099139e4e6a8f5b,https://github.com/tidyverse/ggplot2/commit/e89befcb4788ab053c761ff24099139e4e6a8f5b/comments,https://github.com/tidyverse/ggplot2/commit/e89befcb4788ab053c761ff24099139e4e6a8f5b/comments?page=2
https://github.com/tidyverse/ggplot22cd0e96eba7ea2010b07b0d83e43ab12b2cf9eaa,https://github.com/tidyverse/ggplot2/commit/2cd0e96eba7ea2010b07b0d83e43ab12b2cf9eaa/comments,https://github.com/tidyverse/ggplot2/commit/2cd0e96eba7ea2010b07b0d83e43ab12b2cf9eaa/comments?page=2
https://github.com/tidyverse/ggplot2bde88f82a1c3343f7172a38aa4f3e4cef34777f3,https://github.com/tidyverse/ggplot2/commit/bde88f82a1c3343f7172a38aa4f3e4cef34777f3/comments,https://github.com/tidyverse/ggplot2/commit/bde88f82a1c3343f7172a38aa4f3e4cef34777f3/comments?page=2
https://github.com/tidyverse/ggplot2da2a8e80d267fdf33e767792adf3b98f0e28dff7,https://github.com/tidyverse/ggplot2/commit/da2a8e80d267fdf33e767792adf3b98f0e28dff7/comments,https://github.com/tidyverse/ggplot2/commit/da2a8e80d267fdf33e767792adf3b98f0e28dff7/comments?page=2
https://github.com/tidyverse/ggplot2939562927c6adafa097a7e790e1cb71c10713d54,https://github.com/tidyverse/ggplot2/commit/939562927c6adafa097a7e790e1cb71c10713d54/comments,https://github.com/tidyverse/ggplot2/commit/939562927c6adafa097a7e790e1cb71c10713d54/comments?page=2