Author Username,Followers
teunbrand,hjanime, esin, uribo, mschubert, hrbrmstr
teunbrand,hjanime, esin, uribo, mschubert, hrbrmstr
teunbrand,hjanime, esin, uribo, mschubert, hrbrmstr
teunbrand,hjanime, esin, uribo, mschubert, hrbrmstr
thomasp85,hammer, rrbaker, bygreencn, zedoul, gourneau
teunbrand,hjanime, esin, uribo, mschubert, hrbrmstr
teunbrand,hjanime, esin, uribo, mschubert, hrbrmstr
teunbrand,hjanime, esin, uribo, mschubert, hrbrmstr
teunbrand,hjanime, esin, uribo, mschubert, hrbrmstr
92amartins,jairhenrique, kelvins, danilobezerra, hugooliveirad, viniciusportos
hpages,hammer, jeroen, GuangchuangYu, lwaldron, PeteHaitch
MichaelChirico,ryw, ck37, gaospecial, brettkromkamp, E3V3A
zekiakyol,lago1970, IndrajeetPatil, JosueMA, abgkek, selimakbey
yutannihilation,kinoshita-lab, yuiseki, personlin, zeehio, awellis
DavisVaughan,amoeba, hammer, ck37, jbkunst, esin
teunbrand,hjanime, esin, uribo, mschubert, hrbrmstr
teunbrand,hjanime, esin, uribo, mschubert, hrbrmstr
yutannihilation,kinoshita-lab, yuiseki, personlin, zeehio, awellis
teunbrand,hjanime, esin, uribo, mschubert, hrbrmstr
teunbrand,hjanime, esin, uribo, mschubert, hrbrmstr
MichaelChirico,ryw, ck37, gaospecial, brettkromkamp, E3V3A
ahcyip,rtaph, gschivley, PhilChina, hthaa
teunbrand,hjanime, esin, uribo, mschubert, hrbrmstr
thomasp85,hammer, rrbaker, bygreencn, zedoul, gourneau
thomasp85,hammer, rrbaker, bygreencn, zedoul, gourneau
thomasp85,hammer, rrbaker, bygreencn, zedoul, gourneau
teunbrand,hjanime, esin, uribo, mschubert, hrbrmstr
teunbrand,hjanime, esin, uribo, mschubert, hrbrmstr
teunbrand,hjanime, esin, uribo, mschubert, hrbrmstr
teunbrand,hjanime, esin, uribo, mschubert, hrbrmstr